Cost Component,Value
CAPEX,3.4785198418397145e9
OPEX,7.171591796035192e8
