Cost Component,Value
CAPEX,3.447613684357934e9
OPEX,8.51435522326329e8
