Cost Component,Value
CAPEX,4.058442065943335e9
OPEX,1.3008024996280837e9
Import,1.7610979260597973e9
Export,-1.4510690286457973e9
Congestion,-3.726257440148227e9
