Import,Export
2.1077782214819487e7,3.0727353989730485e7
