Cost Component,Value
Import,2.895428463411272e9
Export,-8.818220064024043e8
Congestion,-1.7540586078812203e9
