Import,Export
2.8502238111476406e7,2.9644170090918127e7
