Cost Component,Value
CAPEX,3.4768261223446445e9
OPEX,7.17809470530806e8
