Cost Component,Value
CAPEX,3.3846460542863736e9
OPEX,9.179447692744008e8
