Cost Component,Value
CAPEX,3.555748279553692e9
OPEX,8.964115536185986e8
