Cost Component,Value
CAPEX,3.4407900144477224e9
OPEX,8.677245763944085e8
