Cost Component,Value
Import,2.211748085382985e9
Export,-9.682302453084272e8
Congestion,-1.3480332611437736e9
