Import,Export
2.512047237226631e7,2.8557306911648467e7
