Cost Component,Value
CAPEX,3.189120893999441e9
OPEX,5.1404495078392273e8
