Cost Component,Value
Import,2.2800512675935893e9
Export,-9.373057978645772e8
Congestion,-1.405946150175179e9
