Import,Export
2.5479001150553122e7,2.8698713016475704e7
