Cost Component,Value
CAPEX,3.494368141880424e9
OPEX,7.432945499708259e8
Import,2.3536900684625683e9
Export,-9.21055199326839e8
Congestion,-1.4200061493700898e9
