Import,Export
2.570128862394059e7,2.9132194511467524e7
