Cost Component,Value
Import,2.260160933815612e9
Export,-9.37720372946633e8
Congestion,-1.3187925829505887e9
