Import,Export
2.5512554888106614e7,2.740038736943067e7
