Cost Component,Value
Import,2.3671879571976004e9
Export,-8.863656294640183e8
Congestion,-1.4182467379659505e9
