Import,Export
2.591927372609403e7,2.8283798577873595e7
