Cost Component,Value
CAPEX,3.265408974070208e9
OPEX,5.532151876510389e8
