Cost Component,Value
Import,2.4075950384634447e9
Export,-8.895844267305688e8
Congestion,-1.424134149023001e9
