Import,Export
2.5947005187441006e7,2.834003890120406e7
