Cost Component,Value
Import,2.2892743716138263e9
Export,-9.467201193788203e8
Congestion,-1.359423505567487e9
