Import,Export
2.56634569047846e7,2.8485958832500692e7
