Cost Component,Value
Import,2.821158825791567e9
Export,-9.169046830226557e8
Congestion,-1.711951347090315e9
