Import,Export
2.7058790653547138e7,3.016846138113141e7
